DROP TABLE MATRICULA;
DROP TABLE ALUNO;
DROP TABLE CLASSE;
DROP TABLE ESCOLA;
DROP TABLE GRAU;
DROP TABLE PERIODO;

-- CRIANDO A TABELA DE ESCOLA
CREATE TABLE ESCOLA(
CD_ESCOLA NUMBER(6),
NM_ESCOLA VARCHAR2(50) CONSTRAINT NOME_ESCOLA_NN NOT NULL,
DS_ENDERECO VARCHAR2(50) CONSTRAINT ENDERECO_ESCOLA_NN NOT NULL,
DS_BAIRRO VARCHAR2(40),
CONSTRAINT ESCOLA_CD_ESCOLA_PK PRIMARY KEY (CD_ESCOLA));

-- CRIANDO A TABELA DE GRAU
CREATE TABLE GRAU(
CD_GRAU NUMBER(2),
NM_GRAU VARCHAR2(50) CONSTRAINT NOME_GRAU_NN NOT NULL,
CONSTRAINT GRAU_CD_GRAU_PK PRIMARY KEY (CD_GRAU));

-- CRIANDO A TABELA DE PERIODO
CREATE TABLE PERIODO(
CD_PERIODO NUMBER(2),
NM_PERIODO VARCHAR2(50) CONSTRAINT NOME_PERIODO_NN NOT NULL,
CONSTRAINT PERIODO_CD_PERIODO_PK PRIMARY KEY (CD_PERIODO));

-- CRIANDO A TABELA DE CLASSE
CREATE TABLE CLASSE(
CD_CLASSE NUMBER(8),
NR_ANOLETIVO NUMBER(4) CONSTRAINT ANO_LETIVO_CLASSE_NN NOT NULL,
CD_ESCOLA NUMBER(6),
CD_GRAU NUMBER(2),
NR_SERIE NUMBER(2) CONSTRAINT SERIE_CLASSE_NN NOT NULL,
TURMA VARCHAR2(2) CONSTRAINT TURMA_CLASSE_NN NOT NULL,
CD_PERIODO NUMBER(2),
CONSTRAINT CLASSE_PK PRIMARY KEY (CD_CLASSE),
CONSTRAINT GOIABAO FOREIGN KEY(CD_ESCOLA) 
      REFERENCES ESCOLA(CD_ESCOLA),
CONSTRAINT CLASSE_CD_CLASSE_FK FOREIGN KEY(CD_GRAU) REFERENCES GRAU(CD_GRAU),
CONSTRAINT CLASSE_CD_PERIODO_FK FOREIGN KEY(CD_PERIODO) REFERENCES PERIODO(CD_PERIODO),
CONSTRAINT CLASSE_ANO_LETIVO_CK CHECK(NR_ANOLETIVO > 2000));


-- CRIANDO A TABELA DE ALUNO
CREATE TABLE ALUNO(
NR_RGM NUMBER(8),
NM_NOME VARCHAR2(40) CONSTRAINT NOME_ALUNO_NN NOT NULL,
NM_PAI VARCHAR2(40) CONSTRAINT PAI_ALUNO_NN NOT NULL,
NM_MAE VARCHAR2(40) CONSTRAINT MAE_ALUNO_NN NOT NULL,
DT_NASCIMENTO DATE CONSTRAINT DT_NASC_ALUNO_NN NOT NULL,
ID_SEXO VARCHAR2(1) CONSTRAINT SEXO_ALUNO_NN NOT NULL,
CONSTRAINT ALUNO_NR_RGM_PK PRIMARY KEY (NR_RGM));

-- CRIANDO A TABELA DE MATRICULA
CREATE TABLE MATRICULA(
CD_CLASSE NUMBER(8),
NR_RGM NUMBER(8),
DT_MATRICULA DATE CONSTRAINT DATA_MATRICULA_NN NOT NULL,
CONSTRAINT MATRICULA__CD_CLASSE_NR_RGM_PK PRIMARY KEY (CD_CLASSE,NR_RGM),
CONSTRAINT MATRICULA_CD_RGM_FK FOREIGN KEY(NR_RGM) REFERENCES ALUNO(NR_RGM),
CONSTRAINT MATRICULA_CD_CLASSE_FK FOREIGN KEY(CD_CLASSE) 
    REFERENCES CLASSE(CD_CLASSE));


-- INSERINDO REGISTROS NA TABELA PERIODO
INSERT INTO PERIODO
	VALUES(1,'MANHA');
INSERT INTO PERIODO
	VALUES(2,'TARDE');
INSERT INTO PERIODO
	VALUES(3,'VESPERTINO');
INSERT INTO PERIODO
	VALUES(4,'NOITE');

-- INSERINDO REGISTROS NA TABELA GRAU
INSERT INTO GRAU
	VALUES(1,'ENSINO FUNDAMENTAL');
INSERT INTO GRAU
	VALUES(2,'ENSINO MEDIO');
INSERT INTO GRAU
	VALUES(3,'ENSINO TECNICO');
INSERT INTO GRAU
	VALUES(4,'ENSINO SUPLETIVO');
INSERT INTO GRAU
	VALUES(5,'ENSINO DE GRADUACAO');
INSERT INTO GRAU
	VALUES(6,'ENSINO DE ESPECIALIZACAO');

-- INSERINDO REGISTROS NA TABELA ESCOLA
INSERT INTO ESCOLA
	VALUES(928123,'JOAQUIM FLORIANO', 'RUA TIJUCO PRETO, 132', 'TATUAPE');
INSERT INTO ESCOLA
	VALUES(928124,'JUAREZ TAVORA', 'AV. SAO MIGUEL, 4.900', 'PENHA');
INSERT INTO ESCOLA
	VALUES(928125,'OCTAVIO MANGABEIRA', 'RUA SANTOS SILVA, 44', 'ERMELINO MATARAZZO');
INSERT INTO ESCOLA
	VALUES(928126,'COLEGIO CRUZEIRO DO SUL', 'AV. JOSÉ ALDO PIASSI, 44', 'SAO MIGUEL PAULISTA');
INSERT INTO ESCOLA
	VALUES(928127,'JESUITA MENDES', 'RUA WILSON SIMONAL, 144', 'SANTANA');
INSERT INTO ESCOLA
	VALUES(928128,'CAETANO DE CAMPOS', 'RUA EDUARDO JUNIOR SILVA, 304', 'JABAQUARA');
INSERT INTO ESCOLA
	VALUES(928129,'HELIO BICUDO', 'AV. HELIO TEIXEIRA, 938', 'VILA PENTEADO');
INSERT INTO ESCOLA
	VALUES(928130,'TADEU JUNIOR MENDES', 'PCA. JOSE ANTONIO LIMEIRA, 12', 'ACLIMACAO');
INSERT INTO ESCOLA
	VALUES(928131,'HERCULANO SILVA', 'AV. UBALDO PIATA, 33', 'TATUAPE');
INSERT INTO ESCOLA
	VALUES(928132,'HUGO SANTOS', 'AV. 23 DE MAIO, 49', 'AEROPORTO');

-- INSERINDO REGISTROS NA TABELA ALUNO
INSERT INTO ALUNO
	VALUES(12145,'ALESSANDRA DIAS', 'PAI DA ALESSANDRA', 'MAE DA ALESSANDRA',TO_DATE('04/04/1982','DD/MM/YYYY'),'F');
INSERT INTO ALUNO
	VALUES(12140,'HUGO PENA', 'PAI DO HUGO', 'MAE DO HUGO',TO_DATE('13/01/1972','DD/MM/YYYY'),'M');
INSERT INTO ALUNO
	VALUES(12141,'EDUARDO GOES', 'PAI DO EDUARDO', 'MAE DO EDUARDO',TO_DATE('23/06/1986','DD/MM/YYYY'),'M');
INSERT INTO ALUNO
	VALUES(12142,'REGINA GONCALVES', 'PAI DA REGINA', 'MAE DA REGINA',TO_DATE('14/08/1979','DD/MM/YYYY'),'F');
INSERT INTO ALUNO
	VALUES(12143,'ANA BANANA', 'PAI DA ANA', 'MAE DA ANA',TO_DATE('24/09/1981','DD/MM/YYYY'),'F');
INSERT INTO ALUNO
	VALUES(12144,'VITOR SOUTO MAIOR', 'PAI DO VITOR', 'MAE DO VITOR',TO_DATE('30/09/1985','DD/MM/YYYY'),'M');
INSERT INTO ALUNO
	VALUES(12146,'ALEXANDRE SILAS', 'CELSO DANIEL SILAS', 'MARIA APARECIDA SILAS',TO_DATE('17/10/1977','DD/MM/YYYY'),'M');
INSERT INTO ALUNO
	VALUES(12147,'CELSO LIMA SILAS', 'CELSO DANIEL SILAS', 'MARIA APARECIDA SILAS',TO_DATE('27/12/1971','DD/MM/YYYY'),'M');
INSERT INTO ALUNO
	VALUES(12148,'GIDEONE JUNIOR', 'PAI DO GIDEONE', 'MAE DO GIDEONE',TO_DATE('08/11/1981','DD/MM/YYYY'),'M');
INSERT INTO ALUNO
	VALUES(12149,'ALEXSANDRO PROZIONE', 'PEDRO JOSE PEREIRA', 'THAIS PEREIRA',TO_DATE('08/01/1987','DD/MM/YYYY'),'M');
INSERT INTO ALUNO
	VALUES(12150,'JOSE PAULO PEREIRA', 'PEDRO JOSE PEREIRA', 'THAIS PEREIRA',TO_DATE('04/02/1980','DD/MM/YYYY'),'M');


-- INSERINDO REGISTROS NA TABELA CLASSE
INSERT INTO CLASSE
	VALUES(100,2001,928123,1,1,'A',1);
INSERT INTO CLASSE
	VALUES(101,2001,928123,2,1,'B',2);
INSERT INTO CLASSE
	VALUES(102,2004,928123,1,3,'C',3);
INSERT INTO CLASSE
	VALUES(103,2002,928124,2,1,'D',4);
INSERT INTO CLASSE
	VALUES(104,2004,928125,3,1,'A',4);
INSERT INTO CLASSE
	VALUES(105,2004,928126,4,1,'B',4);
INSERT INTO CLASSE
	VALUES(106,2004,928127,5,1,'C',4);
INSERT INTO CLASSE
	VALUES(107,2004,928128,6,1,'D',3);
INSERT INTO CLASSE
	VALUES(108,2003,928129,1,1,'E',3);
INSERT INTO CLASSE
	VALUES(109,2001,928130,2,1,'A',2);
INSERT INTO CLASSE
	VALUES(110,2002,928131,3,1,'B',2);
INSERT INTO CLASSE
	VALUES(111,2002,928132,4,1,'D',2);

-- INSERINDO REGISTROS NA TABELA MATRICULA
INSERT INTO MATRICULA
	VALUES(100,12145, TO_DATE('13/01/2001','DD/MM/YYYY'));
INSERT INTO MATRICULA
	VALUES(100,12146, TO_DATE('13/01/2001','DD/MM/YYYY'));
INSERT INTO MATRICULA
	VALUES(100,12147, TO_DATE('13/01/2001','DD/MM/YYYY'));
INSERT INTO MATRICULA
	VALUES(100,12148, TO_DATE('13/01/2001','DD/MM/YYYY'));

INSERT INTO MATRICULA
	VALUES(101,12140, TO_DATE('14/01/2001','DD/MM/YYYY'));
INSERT INTO MATRICULA
	VALUES(101,12141, TO_DATE('14/01/2001','DD/MM/YYYY'));
INSERT INTO MATRICULA
	VALUES(101,12142, TO_DATE('14/01/2001','DD/MM/YYYY'));
INSERT INTO MATRICULA
	VALUES(101,12143, TO_DATE('14/01/2001','DD/MM/YYYY'));

INSERT INTO MATRICULA
	VALUES(102,12144, TO_DATE('14/01/2004','DD/MM/YYYY'));
INSERT INTO MATRICULA
	VALUES(102,12145, TO_DATE('14/01/2004','DD/MM/YYYY'));
INSERT INTO MATRICULA
	VALUES(102,12147, TO_DATE('14/01/2004','DD/MM/YYYY'));
INSERT INTO MATRICULA
	VALUES(102,12148, TO_DATE('14/01/2004','DD/MM/YYYY'));

INSERT INTO MATRICULA
	VALUES(103,12140, TO_DATE('14/01/2002','DD/MM/YYYY'));
INSERT INTO MATRICULA
	VALUES(103,12142, TO_DATE('14/01/2002','DD/MM/YYYY'));
INSERT INTO MATRICULA
	VALUES(103,12144, TO_DATE('14/01/2002','DD/MM/YYYY'));
INSERT INTO MATRICULA
	VALUES(103,12146, TO_DATE('14/01/2002','DD/MM/YYYY'));

INSERT INTO MATRICULA
	VALUES(108,12143, TO_DATE('04/01/2003','DD/MM/YYYY'));
INSERT INTO MATRICULA
	VALUES(108,12144, TO_DATE('04/01/2003','DD/MM/YYYY'));
INSERT INTO MATRICULA
	VALUES(108,12146, TO_DATE('04/01/2003','DD/MM/YYYY'));
INSERT INTO MATRICULA
	VALUES(108,12150, TO_DATE('04/01/2003','DD/MM/YYYY'));





